ID,UserId,SemesterId,Day,StartTime,EndTime,Course,Room,CreatedAt
"6a99dfad-4030-4876-935d-f0fca33a17c7","fd776d92-e427-4e93-9e7c-1cc4235c7acf","ff447f26-970d-4ba2-83f5-065236e3dbde","Tue","12:31","13:50","Database Management Systems","401 Permanent Campus","Mon Aug 17 2026 22:42:39 GMT+0600 (Bangladesh Standard Time)"
"bcb01a10-e369-423c-9f31-c900f739a029","fd776d92-e427-4e93-9e7c-1cc4235c7acf","ff447f26-970d-4ba2-83f5-065236e3dbde","Sat","12:31","13:50","Database Management Systems","401 Permanent Campus","Mon Aug 17 2026 22:42:39 GMT+0600 (Bangladesh Standard Time)"
"9a654c69-46e2-4cd3-b01a-06f05c2f28ac","fd776d92-e427-4e93-9e7c-1cc4235c7acf","ff447f26-970d-4ba2-83f5-065236e3dbde","Sat","14:00","16:30","Database Management Systems Laboratory","423 Permanent Campus","Mon Aug 17 2026 22:42:39 GMT+0600 (Bangladesh Standard Time)"
"8bf85931-1c50-4fbf-8431-8f88ddfcd103","fd776d92-e427-4e93-9e7c-1cc4235c7acf","ff447f26-970d-4ba2-83f5-065236e3dbde","Sun","12:31","13:50","Artificial Intelligence","404 Permanent Campus","Mon Aug 17 2026 22:42:39 GMT+0600 (Bangladesh Standard Time)"
"472aeba4-a54e-413a-9e1d-0c293edbf1cd","fd776d92-e427-4e93-9e7c-1cc4235c7acf","ff447f26-970d-4ba2-83f5-065236e3dbde","Wed","12:31","13:50","Artificial Intelligence","404 Permanent Campus","Mon Aug 17 2026 22:42:39 GMT+0600 (Bangladesh Standard Time)"
"1a7fe7ae-8e68-4cd3-a9b2-3b3fbb4765a6","fd776d92-e427-4e93-9e7c-1cc4235c7acf","ff447f26-970d-4ba2-83f5-065236e3dbde","Wed","15:11","16:30","Operating Systems","409 Permanent Campus","Mon Aug 17 2026 22:42:39 GMT+0600 (Bangladesh Standard Time)"
"77f911ba-2c89-42d6-b25d-057dfff8c666","fd776d92-e427-4e93-9e7c-1cc4235c7acf","ff447f26-970d-4ba2-83f5-065236e3dbde","Sun","15:11","16:30","Operating Systems","409 Permanent Campus","Mon Aug 17 2026 22:42:39 GMT+0600 (Bangladesh Standard Time)"
"ca06ad13-701b-4319-a8ff-18f755cac994","fd776d92-e427-4e93-9e7c-1cc4235c7acf","ff447f26-970d-4ba2-83f5-065236e3dbde","Sun","11:11","12:30","Green Computing","902 Permanent Campus","Mon Aug 17 2026 22:42:39 GMT+0600 (Bangladesh Standard Time)"
"ac995358-619a-43f0-ad42-69f114ee38f2","fd776d92-e427-4e93-9e7c-1cc4235c7acf","ff447f26-970d-4ba2-83f5-065236e3dbde","Wed","11:11","12:30","Green Computing","902 Permanent Campus","Mon Aug 17 2026 22:42:39 GMT+0600 (Bangladesh Standard Time)"
"5592909b-467c-4aee-91ce-674e66a726f1","f321df02-ceb0-470a-a5ca-53d963c25549","ff447f26-970d-4ba2-83f5-065236e3dbde","Sun","11:11","12:30","Object Oriented Programming","307 Permanent Campus","Mon Aug 17 2026 23:24:38 GMT+0600 (Bangladesh Standard Time)"
"4964fba9-f13f-4c4e-bc1a-39ca2568bee4","f321df02-ceb0-470a-a5ca-53d963c25549","ff447f26-970d-4ba2-83f5-065236e3dbde","Wed","11:11","12:30","Object Oriented Programming","307 Permanent Campus","Mon Aug 17 2026 23:24:38 GMT+0600 (Bangladesh Standard Time)"
"11a3a5ae-abd3-493f-a727-072d6aabe9b1","f321df02-ceb0-470a-a5ca-53d963c25549","ff447f26-970d-4ba2-83f5-065236e3dbde","Sat","08:30","11:00","Data Structure and Algorithms I Laboratory","522 Permanent Campus","Mon Aug 17 2026 23:24:38 GMT+0600 (Bangladesh Standard Time)"
"153dcf88-1249-4d23-967a-765564e1e714","f321df02-ceb0-470a-a5ca-53d963c25549","ff447f26-970d-4ba2-83f5-065236e3dbde","Sat","15:11","16:30","Fundamental Calculus","410 Permanent Campus","Mon Aug 17 2026 23:24:38 GMT+0600 (Bangladesh Standard Time)"
"24cf9e73-48d7-41eb-9df5-1ab547ecbefc","f321df02-ceb0-470a-a5ca-53d963c25549","ff447f26-970d-4ba2-83f5-065236e3dbde","Tue","15:11","16:30","Fundamental Calculus","410 Permanent Campus","Mon Aug 17 2026 23:24:38 GMT+0600 (Bangladesh Standard Time)"
"07140762-92fc-4859-a746-af9682638198","f8f2428f-d078-4dc6-a6a3-803efcb2df45","ff447f26-970d-4ba2-83f5-065236e3dbde","Wed","11:11","12:30","Power System","708 Permanent Campus","Tue Aug 18 2026 00:43:41 GMT+0600 (Bangladesh Standard Time)"
"3a8ccd2c-6400-4663-a250-f7e6d441d924","f8f2428f-d078-4dc6-a6a3-803efcb2df45","ff447f26-970d-4ba2-83f5-065236e3dbde","Sun","11:11","12:30","Power System","708 Permanent Campus","Tue Aug 18 2026 00:43:41 GMT+0600 (Bangladesh Standard Time)"
"c4a8f7ba-a59b-4a7d-9d7d-66fc32c1864a","f8f2428f-d078-4dc6-a6a3-803efcb2df45","ff447f26-970d-4ba2-83f5-065236e3dbde","Tue","08:30","11:00","Power System Laboratory","532 Permanent Campus","Tue Aug 18 2026 00:43:41 GMT+0600 (Bangladesh Standard Time)"
"8cfd3964-1be5-4dca-af72-01da3af8eb5c","f8f2428f-d078-4dc6-a6a3-803efcb2df45","ff447f26-970d-4ba2-83f5-065236e3dbde","Wed","09:51","11:10","Power Electronics","722 Permanent Campus","Tue Aug 18 2026 00:43:41 GMT+0600 (Bangladesh Standard Time)"
"c68d9b87-6dea-447b-95c4-47756a88bf81","f8f2428f-d078-4dc6-a6a3-803efcb2df45","ff447f26-970d-4ba2-83f5-065236e3dbde","Sun","09:51","11:10","Power Electronics","722 Permanent Campus","Tue Aug 18 2026 00:43:41 GMT+0600 (Bangladesh Standard Time)"
"1de8b50e-df5e-47dd-8d47-7a866d504c2e","f8f2428f-d078-4dc6-a6a3-803efcb2df45","ff447f26-970d-4ba2-83f5-065236e3dbde","Sun","14:00","16:30","Power Electronics Laboratory","503 Permanent Campus","Tue Aug 18 2026 00:43:41 GMT+0600 (Bangladesh Standard Time)"
"b6bcacf8-3af6-4ea1-9fbc-056705e7c476","f8f2428f-d078-4dc6-a6a3-803efcb2df45","ff447f26-970d-4ba2-83f5-065236e3dbde","Sat","12:31","13:50","Microprocessor and Interfacing","722 Permanent Campus","Tue Aug 18 2026 00:43:41 GMT+0600 (Bangladesh Standard Time)"
"d1cc57ce-21f6-4c04-9072-752a7653a559","f8f2428f-d078-4dc6-a6a3-803efcb2df45","ff447f26-970d-4ba2-83f5-065236e3dbde","Tue","12:31","13:50","Microprocessor and Interfacing","722 Permanent Campus","Tue Aug 18 2026 00:43:41 GMT+0600 (Bangladesh Standard Time)"
"9aa3b38a-db16-4554-a9bd-664b7ee47edc","f8f2428f-d078-4dc6-a6a3-803efcb2df45","ff447f26-970d-4ba2-83f5-065236e3dbde","Sat","08:30","11:00","Microprocessor and Interfacing Laboratory","531 Permanent Campus","Tue Aug 18 2026 00:43:41 GMT+0600 (Bangladesh Standard Time)"
"34cc5e4f-c3f2-467b-95de-c2e49c3e417b","34aa97d4-6d77-4e0b-b342-dc24e3563cd8","ff447f26-970d-4ba2-83f5-065236e3dbde","Tue","14:00","16:30","Advanced Object Oriented Programming Laboratory","522 Permanent Campus","Tue Aug 18 2026 01:17:29 GMT+0600 (Bangladesh Standard Time)"
"e65302bc-4256-4b83-baaf-52d44f5b606c","34aa97d4-6d77-4e0b-b342-dc24e3563cd8","ff447f26-970d-4ba2-83f5-065236e3dbde","Tue","12:31","13:50","Software Engineering","330 Permanent Campus","Tue Aug 18 2026 01:17:29 GMT+0600 (Bangladesh Standard Time)"
"fe94cc5f-3e42-4acc-a470-28480bcfcfd7","34aa97d4-6d77-4e0b-b342-dc24e3563cd8","ff447f26-970d-4ba2-83f5-065236e3dbde","Sat","12:31","13:50","Software Engineering","330 Permanent Campus","Tue Aug 18 2026 01:17:29 GMT+0600 (Bangladesh Standard Time)"
"e2038c6f-0ea0-4f4d-839f-a2e551cd983f","34aa97d4-6d77-4e0b-b342-dc24e3563cd8","ff447f26-970d-4ba2-83f5-065236e3dbde","Tue","08:30","11:00","Software Engineering Laboratory","529 Permanent Campus","Tue Aug 18 2026 01:17:29 GMT+0600 (Bangladesh Standard Time)"
"c8877b46-5d3a-4086-b407-4d7ab643ae18","bb8464fb-4523-45d9-ad11-598eef92b2ac","ff447f26-970d-4ba2-83f5-065236e3dbde","Sat","11:11","12:30","Financial and Managerial Accounting","302 Permanent Campus","Mon Aug 17 2026 23:27:52 GMT+0600 (Bangladesh Standard Time)"
"b197903e-1fb2-438a-b10a-0c9752755e7f","bb8464fb-4523-45d9-ad11-598eef92b2ac","ff447f26-970d-4ba2-83f5-065236e3dbde","Tue","11:11","12:30","Financial and Managerial Accounting","302 Permanent Campus","Mon Aug 17 2026 23:27:52 GMT+0600 (Bangladesh Standard Time)"
"91c47ef9-c43b-473b-b2b6-1e717fd450b7","bb8464fb-4523-45d9-ad11-598eef92b2ac","ff447f26-970d-4ba2-83f5-065236e3dbde","Sun","12:31","13:50","Software Engineering","401 Permanent Campus","Mon Aug 17 2026 23:27:52 GMT+0600 (Bangladesh Standard Time)"
"124907e5-eb44-4767-a632-e886e52a851f","bb8464fb-4523-45d9-ad11-598eef92b2ac","ff447f26-970d-4ba2-83f5-065236e3dbde","Wed","12:31","13:50","Software Engineering","401 Permanent Campus","Mon Aug 17 2026 23:27:52 GMT+0600 (Bangladesh Standard Time)"
"8d777c4c-9a34-495b-924d-4d3ebfbdd121","bb8464fb-4523-45d9-ad11-598eef92b2ac","ff447f26-970d-4ba2-83f5-065236e3dbde","Tue","08:30","11:00","Software Engineering Laboratory","529 Permanent Campus","Mon Aug 17 2026 23:27:52 GMT+0600 (Bangladesh Standard Time)"
"48f593e3-be39-43dd-a5d7-ee71d5010ba4","bb8464fb-4523-45d9-ad11-598eef92b2ac","ff447f26-970d-4ba2-83f5-065236e3dbde","Sun","13:51","15:10","Artificial Intelligence","402 Permanent Campus","Mon Aug 17 2026 23:27:52 GMT+0600 (Bangladesh Standard Time)"
"11a7aafc-2ecd-405b-9a94-3298c93d2d1c","bb8464fb-4523-45d9-ad11-598eef92b2ac","ff447f26-970d-4ba2-83f5-065236e3dbde","Wed","13:51","15:10","Artificial Intelligence","402 Permanent Campus","Mon Aug 17 2026 23:27:52 GMT+0600 (Bangladesh Standard Time)"
"b2a246fe-bd71-44a1-be2b-a70d3353c6b6","bb8464fb-4523-45d9-ad11-598eef92b2ac","ff447f26-970d-4ba2-83f5-065236e3dbde","Mon","11:11","13:40","Artificial Intelligence Laboratory","422 Permanent Campus","Mon Aug 17 2026 23:27:52 GMT+0600 (Bangladesh Standard Time)"
"be1904ab-de45-4503-bd30-5b107694b3a9","bb8464fb-4523-45d9-ad11-598eef92b2ac","ff447f26-970d-4ba2-83f5-065236e3dbde","Sun","08:30","11:00","Microprocessors and Microcontrollers Laboratory","511 Permanent Campus","Mon Aug 17 2026 23:27:52 GMT+0600 (Bangladesh Standard Time)"
"c06ecab2-7dbb-4f4a-97a7-251ce99e436b","bb8464fb-4523-45d9-ad11-598eef92b2ac","ff447f26-970d-4ba2-83f5-065236e3dbde","Sat","08:30","11:00","Microprocessors and Microcontrollers Laboratory","427","Mon Aug 17 2026 23:27:52 GMT+0600 (Bangladesh Standard Time)"
"6c3155b5-12c6-45a9-b8a2-072a11a737ae","34aa97d4-6d77-4e0b-b342-dc24e3563cd8","ff447f26-970d-4ba2-83f5-065236e3dbde","Sun","13:51","15:10","Artificial Intelligence","402 Permanent Campus","Tue Aug 18 2026 01:17:29 GMT+0600 (Bangladesh Standard Time)"
"5b752687-2b45-4946-bde8-88944e5d6d0a","34aa97d4-6d77-4e0b-b342-dc24e3563cd8","ff447f26-970d-4ba2-83f5-065236e3dbde","Wed","13:51","15:10","Artificial Intelligence","402 Permanent Campus","Tue Aug 18 2026 01:17:29 GMT+0600 (Bangladesh Standard Time)"
"88f4b2f8-ac4b-48e3-a4c6-9f38b2f56a51","34aa97d4-6d77-4e0b-b342-dc24e3563cd8","ff447f26-970d-4ba2-83f5-065236e3dbde","Mon","08:30","11:00","Artificial Intelligence Laboratory","423 Permanent Campus","Tue Aug 18 2026 01:17:29 GMT+0600 (Bangladesh Standard Time)"
"d1dd500a-caff-4ed7-9a27-2fc08a7034ad","34aa97d4-6d77-4e0b-b342-dc24e3563cd8","ff447f26-970d-4ba2-83f5-065236e3dbde","Sun","08:30","11:00","Microprocessors and Microcontrollers Laboratory","511 Permanent Campus","Tue Aug 18 2026 01:17:29 GMT+0600 (Bangladesh Standard Time)"
"31cf61df-a6c6-4ea8-83cb-d077978571da","34aa97d4-6d77-4e0b-b342-dc24e3563cd8","ff447f26-970d-4ba2-83f5-065236e3dbde","Sun","15:11","16:30","Operating Systems","409 Permanent Campus","Tue Aug 18 2026 01:17:29 GMT+0600 (Bangladesh Standard Time)"
"a1de3a8a-596e-41a3-8e2f-a7711248f3a1","34aa97d4-6d77-4e0b-b342-dc24e3563cd8","ff447f26-970d-4ba2-83f5-065236e3dbde","Wed","15:11","16:30","Operating Systems","409 Permanent Campus","Tue Aug 18 2026 01:17:29 GMT+0600 (Bangladesh Standard Time)"
"b63ea885-2a10-47d9-9b8c-dc39af9f4761","d7abe4a5-cd2f-4bdf-aec4-2389bc1e18e9","ff447f26-970d-4ba2-83f5-065236e3dbde","Tue","08:30","11:00","Software Engineering Laboratory","530 Permanent Campus","Tue Aug 18 2026 07:07:28 GMT+0600 (Bangladesh Standard Time)"
"4f35c692-077b-4a9f-9dac-8e36d3d8b986","d7abe4a5-cd2f-4bdf-aec4-2389bc1e18e9","ff447f26-970d-4ba2-83f5-065236e3dbde","Wed","08:30","09:50","Microprocessors and Microcontrollers","404 Permanent Campus","Tue Aug 18 2026 07:07:28 GMT+0600 (Bangladesh Standard Time)"
"732aaced-cd4a-4221-aff4-358cbd60b773","d7abe4a5-cd2f-4bdf-aec4-2389bc1e18e9","ff447f26-970d-4ba2-83f5-065236e3dbde","Sun","08:30","09:50","Microprocessors and Microcontrollers","404 Permanent Campus","Tue Aug 18 2026 07:07:28 GMT+0600 (Bangladesh Standard Time)"
"6107aa87-d8ab-4d20-a7b3-bcfe11c2e6cb","d7abe4a5-cd2f-4bdf-aec4-2389bc1e18e9","ff447f26-970d-4ba2-83f5-065236e3dbde","Sun","13:51","15:10","Electronics","428 Permanent Campus","Tue Aug 18 2026 07:07:28 GMT+0600 (Bangladesh Standard Time)"
"5384fddf-9237-4724-9808-63b74e315702","d7abe4a5-cd2f-4bdf-aec4-2389bc1e18e9","ff447f26-970d-4ba2-83f5-065236e3dbde","Wed","13:51","15:10","Electronics","428 Permanent Campus","Tue Aug 18 2026 07:07:28 GMT+0600 (Bangladesh Standard Time)"
"1a159c57-a96a-42cc-9f86-8194e3eb0cb1","d7abe4a5-cd2f-4bdf-aec4-2389bc1e18e9","ff447f26-970d-4ba2-83f5-065236e3dbde","Sun","12:31","13:50","Coordinate Geometry and Vector Analysis","701 Permanent Campus","Tue Aug 18 2026 07:07:28 GMT+0600 (Bangladesh Standard Time)"
"1350dd2e-8686-4073-965f-8c38ff3c39ba","d7abe4a5-cd2f-4bdf-aec4-2389bc1e18e9","ff447f26-970d-4ba2-83f5-065236e3dbde","Wed","12:31","13:50","Coordinate Geometry and Vector Analysis","701 Permanent Campus","Tue Aug 18 2026 07:07:28 GMT+0600 (Bangladesh Standard Time)"
"70212757-80d4-49c8-8a7c-3f4c255f4ad4","d7abe4a5-cd2f-4bdf-aec4-2389bc1e18e9","ff447f26-970d-4ba2-83f5-065236e3dbde","Sun","09:51","11:10","Probability and Statistics","632 Permanent Campus","Tue Aug 18 2026 07:07:28 GMT+0600 (Bangladesh Standard Time)"
"fdecf185-d48f-4bb8-9c76-f079f5bdbc57","d7abe4a5-cd2f-4bdf-aec4-2389bc1e18e9","ff447f26-970d-4ba2-83f5-065236e3dbde","Wed","09:51","11:10","Probability and Statistics","632 Permanent Campus","Tue Aug 18 2026 07:07:28 GMT+0600 (Bangladesh Standard Time)"
"5ff79896-cb22-43d6-a340-0590ce54178f","05b298b3-0397-4504-b323-00e2eb206197","ff447f26-970d-4ba2-83f5-065236e3dbde","Wed","11:11","13:40","Web Programming","426 Permanent Campus","Tue Aug 18 2026 16:18:59 GMT+0600 (Bangladesh Standard Time)"
"651d4618-b3fe-43e3-886d-a4e0675352ff","05b298b3-0397-4504-b323-00e2eb206197","ff447f26-970d-4ba2-83f5-065236e3dbde","Sat","11:11","12:30","Digital Image Processing","601 Permanent Campus","Tue Aug 18 2026 16:18:59 GMT+0600 (Bangladesh Standard Time)"
"e7931678-d639-4f1d-8e8a-44e2ea390545","05b298b3-0397-4504-b323-00e2eb206197","ff447f26-970d-4ba2-83f5-065236e3dbde","Tue","11:11","12:30","Digital Image Processing","601 Permanent Campus","Tue Aug 18 2026 16:18:59 GMT+0600 (Bangladesh Standard Time)"
"ccf66a3b-adc6-48b0-a48f-42cbfae7f571","05b298b3-0397-4504-b323-00e2eb206197","ff447f26-970d-4ba2-83f5-065236e3dbde","Tue","13:51","15:10","Industrial and Operational Management","631 Permanent Campus","Tue Aug 18 2026 16:18:59 GMT+0600 (Bangladesh Standard Time)"
"316cb969-3982-4423-893e-de40e13755f4","05b298b3-0397-4504-b323-00e2eb206197","ff447f26-970d-4ba2-83f5-065236e3dbde","Sat","13:51","15:10","Industrial and Operational Management","631 Permanent Campus","Tue Aug 18 2026 16:18:59 GMT+0600 (Bangladesh Standard Time)"
"13b8942e-b55b-4038-a94d-38519166351e","a92d1672-7704-4655-b6a2-908795a605ff","ff447f26-970d-4ba2-83f5-065236e3dbde","Sat","11:11","12:30","Software Engineering","403 Permanent Campus","Tue Aug 18 2026 16:41:02 GMT+0600 (Bangladesh Standard Time)"
"c1c43608-4cf3-4fe9-9cb8-041e47987a85","a92d1672-7704-4655-b6a2-908795a605ff","ff447f26-970d-4ba2-83f5-065236e3dbde","Tue","11:11","12:30","Software Engineering","403 Permanent Campus","Tue Aug 18 2026 16:41:02 GMT+0600 (Bangladesh Standard Time)"
"a82d981d-a63a-46b0-88d8-eacc27dd78e3","a92d1672-7704-4655-b6a2-908795a605ff","ff447f26-970d-4ba2-83f5-065236e3dbde","Tue","08:30","11:00","Software Engineering Laboratory","530 Permanent Campus","Tue Aug 18 2026 16:41:02 GMT+0600 (Bangladesh Standard Time)"
"94948f5b-3b7e-46cd-82f8-619e5d84cc43","a92d1672-7704-4655-b6a2-908795a605ff","ff447f26-970d-4ba2-83f5-065236e3dbde","Sat","13:51","15:10","Artificial Intelligence","325 Permanent Campus","Tue Aug 18 2026 16:41:02 GMT+0600 (Bangladesh Standard Time)"
"e1106399-b6bb-4243-94de-7ce517030013","a92d1672-7704-4655-b6a2-908795a605ff","ff447f26-970d-4ba2-83f5-065236e3dbde","Tue","13:51","15:10","Artificial Intelligence","325 Permanent Campus","Tue Aug 18 2026 16:41:02 GMT+0600 (Bangladesh Standard Time)"
"7846e360-28d5-4b82-9a32-223da3640980","a92d1672-7704-4655-b6a2-908795a605ff","ff447f26-970d-4ba2-83f5-065236e3dbde","Mon","08:30","11:00","Artificial Intelligence Laboratory","423 Permanent Campus","Tue Aug 18 2026 16:41:02 GMT+0600 (Bangladesh Standard Time)"
"e06b72db-dabf-4ba5-a94f-1208adb50b10","a92d1672-7704-4655-b6a2-908795a605ff","ff447f26-970d-4ba2-83f5-065236e3dbde","Wed","08:30","09:50","Microprocessors and Microcontrollers","404 Permanent Campus","Tue Aug 18 2026 16:41:02 GMT+0600 (Bangladesh Standard Time)"
"e55d9d9c-f6d2-4a93-95ca-99401739edc2","a92d1672-7704-4655-b6a2-908795a605ff","ff447f26-970d-4ba2-83f5-065236e3dbde","Sun","08:30","09:50","Microprocessors and Microcontrollers","404 Permanent Campus","Tue Aug 18 2026 16:41:02 GMT+0600 (Bangladesh Standard Time)"
"610b3836-bb78-41b1-84f4-3dd3181d4f30","a92d1672-7704-4655-b6a2-908795a605ff","ff447f26-970d-4ba2-83f5-065236e3dbde","Sat","12:31","13:50","Operating Systems","404 Permanent Campus","Tue Aug 18 2026 16:41:02 GMT+0600 (Bangladesh Standard Time)"
"81f3d34b-2055-4592-b62e-da68649242d4","a92d1672-7704-4655-b6a2-908795a605ff","ff447f26-970d-4ba2-83f5-065236e3dbde","Tue","12:31","13:50","Operating Systems","404 Permanent Campus","Tue Aug 18 2026 16:41:02 GMT+0600 (Bangladesh Standard Time)"
"e9e8bc71-8caf-43b5-8b49-99cb5f461c41","a92d1672-7704-4655-b6a2-908795a605ff","ff447f26-970d-4ba2-83f5-065236e3dbde","Mon","14:00","16:30","Operating Systems Laboratory","926 Permanent Campus","Tue Aug 18 2026 16:41:02 GMT+0600 (Bangladesh Standard Time)"
"0abd0c0e-0a5d-4495-8899-5ea6e9ceb2dd","fc11161e-e569-49ab-bb43-09511ed1f697","ff447f26-970d-4ba2-83f5-065236e3dbde","Sat","08:30","09:50","Data Structure and Algorithms II","322 Permanent Campus","Tue Aug 18 2026 16:45:40 GMT+0600 (Bangladesh Standard Time)"
"05ac3af1-87b5-4ac6-8557-16f43370a8ed","fc11161e-e569-49ab-bb43-09511ed1f697","ff447f26-970d-4ba2-83f5-065236e3dbde","Tue","08:30","09:50","Data Structure and Algorithms II","322 Permanent Campus","Tue Aug 18 2026 16:45:40 GMT+0600 (Bangladesh Standard Time)"
"677edc64-0aa3-4c33-9fa4-f6d9a8b0ed59","fc11161e-e569-49ab-bb43-09511ed1f697","ff447f26-970d-4ba2-83f5-065236e3dbde","Wed","11:11","13:40","Data Structure and Algorithms II Laboratory","427 Permanent Campus","Tue Aug 18 2026 16:45:40 GMT+0600 (Bangladesh Standard Time)"
"5121ba75-d2f4-4572-a0b0-abb23e207153","fc11161e-e569-49ab-bb43-09511ed1f697","ff447f26-970d-4ba2-83f5-065236e3dbde","Sat","15:11","16:30","Database Management Systems","325 Permanent Campus","Tue Aug 18 2026 16:45:40 GMT+0600 (Bangladesh Standard Time)"
"dfb39f36-6df3-422f-ab7c-a4b8dd8642c3","fc11161e-e569-49ab-bb43-09511ed1f697","ff447f26-970d-4ba2-83f5-065236e3dbde","Tue","15:11","16:30","Database Management Systems","325 Permanent Campus","Tue Aug 18 2026 16:45:40 GMT+0600 (Bangladesh Standard Time)"
"4700c590-6d2c-4811-9641-5a862e421a98","fc11161e-e569-49ab-bb43-09511ed1f697","ff447f26-970d-4ba2-83f5-065236e3dbde","Tue","11:11","12:30","Electronics","630 Permanent Campus","Tue Aug 18 2026 16:45:40 GMT+0600 (Bangladesh Standard Time)"
"deec7ea9-c77e-4580-a361-a394a5554d8d","fc11161e-e569-49ab-bb43-09511ed1f697","ff447f26-970d-4ba2-83f5-065236e3dbde","Sat","11:11","12:30","Electronics","630 Permanent Campus","Tue Aug 18 2026 16:45:40 GMT+0600 (Bangladesh Standard Time)"
"b4af73d0-f0f1-4af5-a5a1-3759def914e1","fc11161e-e569-49ab-bb43-09511ed1f697","ff447f26-970d-4ba2-83f5-065236e3dbde","Sun","11:11","13:40","Electronics Laboratory","504 Permanent Campus","Tue Aug 18 2026 16:45:40 GMT+0600 (Bangladesh Standard Time)"
"db791421-ec5d-471d-9ebb-32ed79e68804","ce20755f-d270-4735-b762-a9f338333a14","ff447f26-970d-4ba2-83f5-065236e3dbde","Sun","09:51","11:10","Biology for Engineers","305 Permanent Campus","Tue Aug 18 2026 16:49:14 GMT+0600 (Bangladesh Standard Time)"
"e70fc0b1-15c1-4670-95b6-75e5eb19a2de","ce20755f-d270-4735-b762-a9f338333a14","ff447f26-970d-4ba2-83f5-065236e3dbde","Wed","09:51","11:10","Biology for Engineers","305 Permanent Campus","Tue Aug 18 2026 16:49:14 GMT+0600 (Bangladesh Standard Time)"
"e104a146-3b17-4f4d-8f5b-557e5efc9ce3","ce20755f-d270-4735-b762-a9f338333a14","ff447f26-970d-4ba2-83f5-065236e3dbde","Sat","08:30","11:00","Advanced Object Oriented Programming Laboratory","427 Permanent Campus","Tue Aug 18 2026 16:49:14 GMT+0600 (Bangladesh Standard Time)"
"4eda1216-f024-48bd-bdfd-46dd39970b6a","ce20755f-d270-4735-b762-a9f338333a14","ff447f26-970d-4ba2-83f5-065236e3dbde","Sat","11:11","12:30","Software Engineering","403 Permanent Campus","Tue Aug 18 2026 16:49:14 GMT+0600 (Bangladesh Standard Time)"
"a63c5c22-8179-4a80-8a23-bae241659852","ce20755f-d270-4735-b762-a9f338333a14","ff447f26-970d-4ba2-83f5-065236e3dbde","Tue","11:11","12:30","Software Engineering","403 Permanent Campus","Tue Aug 18 2026 16:49:14 GMT+0600 (Bangladesh Standard Time)"
"8ba0e2e1-06b2-4467-988f-b59d8c7bac6e","ce20755f-d270-4735-b762-a9f338333a14","ff447f26-970d-4ba2-83f5-065236e3dbde","Tue","08:30","11:00","Software Engineering Laboratory","529 Permanent Campus","Tue Aug 18 2026 16:49:14 GMT+0600 (Bangladesh Standard Time)"
"85be7e5d-9a09-4448-aa62-d12c8d7767f6","ce20755f-d270-4735-b762-a9f338333a14","ff447f26-970d-4ba2-83f5-065236e3dbde","Wed","14:00","16:30","Computer Networks Laboratory","530 Permanent Campus","Tue Aug 18 2026 16:49:14 GMT+0600 (Bangladesh Standard Time)"
"be59d69c-80c1-45ed-bd48-258158dedc47","ce20755f-d270-4735-b762-a9f338333a14","ff447f26-970d-4ba2-83f5-065236e3dbde","Wed","08:30","09:50","Microprocessors and Microcontrollers","404 Permanent Campus","Tue Aug 18 2026 16:49:14 GMT+0600 (Bangladesh Standard Time)"
"cdc60249-8e85-49f3-b1ce-b07685c937fd","ce20755f-d270-4735-b762-a9f338333a14","ff447f26-970d-4ba2-83f5-065236e3dbde","Sun","08:30","09:50","Microprocessors and Microcontrollers","404 Permanent Campus","Tue Aug 18 2026 16:49:14 GMT+0600 (Bangladesh Standard Time)"
"7b04fd88-2769-4417-928e-41807e03115c","ce20755f-d270-4735-b762-a9f338333a14","ff447f26-970d-4ba2-83f5-065236e3dbde","Sun","14:00","16:30","Microprocessors and Microcontrollers Laboratory","511 Permanent Campus","Tue Aug 18 2026 16:49:14 GMT+0600 (Bangladesh Standard Time)"
"759cf583-a76b-4d33-a52e-feae9b91a4dd","d5c85517-791c-4869-b71e-56de15adc058","ff447f26-970d-4ba2-83f5-065236e3dbde","Sun","12:31","13:50","Data Structure and Algorithms I","322 Permanent Campus","Wed Aug 19 2026 01:00:44 GMT+0600 (Bangladesh Standard Time)"
"8d35db44-cee1-4812-92d6-0013e895ffe7","d5c85517-791c-4869-b71e-56de15adc058","ff447f26-970d-4ba2-83f5-065236e3dbde","Wed","12:31","13:50","Data Structure and Algorithms I","322 Permanent Campus","Wed Aug 19 2026 01:00:44 GMT+0600 (Bangladesh Standard Time)"
"a5de3dbe-5f9b-4d20-9f60-133b7e95c0dd","d5c85517-791c-4869-b71e-56de15adc058","ff447f26-970d-4ba2-83f5-065236e3dbde","Sat","12:31","13:50","System Analysis and Design","325 Permanent Campus","Wed Aug 19 2026 01:00:44 GMT+0600 (Bangladesh Standard Time)"
"d5e226bd-cb15-419e-b25e-e28ab82f4526","d5c85517-791c-4869-b71e-56de15adc058","ff447f26-970d-4ba2-83f5-065236e3dbde","Tue","12:31","13:50","System Analysis and Design","325 Permanent Campus","Wed Aug 19 2026 01:00:44 GMT+0600 (Bangladesh Standard Time)"
"6bd188ed-0fe8-4b75-b737-a7459b284b14","d5c85517-791c-4869-b71e-56de15adc058","ff447f26-970d-4ba2-83f5-065236e3dbde","Wed","08:30","11:00","System Analysis and Design Laboratory","528 Permanent Campus","Wed Aug 19 2026 01:00:44 GMT+0600 (Bangladesh Standard Time)"
"0aafa4d8-c446-43f7-879a-27721889eacf","d5c85517-791c-4869-b71e-56de15adc058","ff447f26-970d-4ba2-83f5-065236e3dbde","Sun","08:30","11:00","Web Programming","727 Permanent Campus","Wed Aug 19 2026 01:00:44 GMT+0600 (Bangladesh Standard Time)"
"9ac45f41-d05c-43ac-978f-65cdf874b2fc","d5c85517-791c-4869-b71e-56de15adc058","ff447f26-970d-4ba2-83f5-065236e3dbde","Tue","11:11","12:30","Economics","604 Permanent Campus","Wed Aug 19 2026 01:00:44 GMT+0600 (Bangladesh Standard Time)"
"6df0475f-ee78-4646-8ec4-5af68d2308bd","d5c85517-791c-4869-b71e-56de15adc058","ff447f26-970d-4ba2-83f5-065236e3dbde","Sat","11:11","12:30","Economics","604 Permanent Campus","Wed Aug 19 2026 01:00:44 GMT+0600 (Bangladesh Standard Time)"
"b02286c5-b581-4ba9-bc1e-05f4a0bfb884","8e421974-0652-48cc-9dfb-06df48572769","ff447f26-970d-4ba2-83f5-065236e3dbde","Sat","08:30","09:50","Data Structure and Algorithms","312 Permanent Campus","Mon Aug 17 2026 19:08:54 GMT+0600 (Bangladesh Standard Time)"
"8bdffb08-6480-4e8e-8268-dc7be7a95616","8e421974-0652-48cc-9dfb-06df48572769","ff447f26-970d-4ba2-83f5-065236e3dbde","Tue","08:30","09:50","Data Structure and Algorithms","312 Permanent Campus","Mon Aug 17 2026 19:08:54 GMT+0600 (Bangladesh Standard Time)"
"3fd85cc6-8222-4f3b-a2a8-44d2352759dd","8e421974-0652-48cc-9dfb-06df48572769","ff447f26-970d-4ba2-83f5-065236e3dbde","Sat","10:00","11:20","Linear Algebra and Matrices","415 Permanent Campus","Mon Aug 17 2026 19:08:55 GMT+0600 (Bangladesh Standard Time)"
"a50a0c2a-239e-4b7b-b6b8-31567bf7df6d","8e421974-0652-48cc-9dfb-06df48572769","ff447f26-970d-4ba2-83f5-065236e3dbde","Tue","10:00","11:20","Linear Algebra and Matrices","415 Permanent Campus","Mon Aug 17 2026 19:08:55 GMT+0600 (Bangladesh Standard Time)"
"bf3b956e-34ef-479b-bea0-ce706cc994a2","8e421974-0652-48cc-9dfb-06df48572769","ff447f26-970d-4ba2-83f5-065236e3dbde","Mon","14:00","16:30","Data Structure and Algorithms Laboratory","520 Permanent Campus","Mon Aug 17 2026 19:08:55 GMT+0600 (Bangladesh Standard Time)"
"8fc63135-ddaf-4ac1-8808-f3bac857c58f","8e421974-0652-48cc-9dfb-06df48572769","ff447f26-970d-4ba2-83f5-065236e3dbde","Sun","11:11","12:30","Physics II","610 Permanent Campus","Mon Aug 17 2026 19:08:56 GMT+0600 (Bangladesh Standard Time)"
"fecceed4-1604-4ea5-a470-8596e76e85d6","8e421974-0652-48cc-9dfb-06df48572769","ff447f26-970d-4ba2-83f5-065236e3dbde","Wed","11:11","12:30","Physics II","610 Permanent Campus","Mon Aug 17 2026 19:08:56 GMT+0600 (Bangladesh Standard Time)"
"2f8a2936-6c92-41b2-bef9-c8d810585c93","296d04e1-507d-4bd9-b6e3-1597715b70dc","ff447f26-970d-4ba2-83f5-065236e3dbde","Sun","10:00","11:20","Web Programming","428 Permanent Campus","Mon Aug 17 2026 19:08:56 GMT+0600 (Bangladesh Standard Time)"
"0f83cc05-19ce-42c8-99c5-997472c478d8","296d04e1-507d-4bd9-b6e3-1597715b70dc","ff447f26-970d-4ba2-83f5-065236e3dbde","Wed","10:00","11:20","Web Programming","428 Permanent Campus","Mon Aug 17 2026 19:08:57 GMT+0600 (Bangladesh Standard Time)"
"2cf67923-16fa-45f4-8459-6c1dbe4118f9","296d04e1-507d-4bd9-b6e3-1597715b70dc","ff447f26-970d-4ba2-83f5-065236e3dbde","Sat","14:00","16:30","Web Programming Laboratory","524 Permanent Campus","Mon Aug 17 2026 19:08:57 GMT+0600 (Bangladesh Standard Time)"
"ab14b657-87e9-4b7f-872a-0eb76798e48f","296d04e1-507d-4bd9-b6e3-1597715b70dc","ff447f26-970d-4ba2-83f5-065236e3dbde","Mon","10:00","11:20","Machine Learning","315 Permanent Campus","Mon Aug 17 2026 19:08:58 GMT+0600 (Bangladesh Standard Time)"
"e9b8b59e-ff18-46ca-83ee-f52f2fcedf7b","296d04e1-507d-4bd9-b6e3-1597715b70dc","ff447f26-970d-4ba2-83f5-065236e3dbde","Tue","10:00","11:20","Machine Learning","315 Permanent Campus","Mon Aug 17 2026 19:08:58 GMT+0600 (Bangladesh Standard Time)"
"d3b5f086-601d-4391-8a4b-0548b426c658","4c9ab6ad-1550-4b28-959f-64ac2b97cc5b","ff447f26-970d-4ba2-83f5-065236e3dbde","Sat","11:30","12:50","Engineering Mechanics","304 Permanent Campus","Mon Aug 17 2026 19:09:00 GMT+0600 (Bangladesh Standard Time)"
"a6dc2eba-29ca-4670-93e8-c5c37d865ba8","4c9ab6ad-1550-4b28-959f-64ac2b97cc5b","ff447f26-970d-4ba2-83f5-065236e3dbde","Tue","11:30","12:50","Engineering Mechanics","304 Permanent Campus","Mon Aug 17 2026 19:09:00 GMT+0600 (Bangladesh Standard Time)"
"62856e8e-4f00-42c1-846f-dfcdecce2510","4c9ab6ad-1550-4b28-959f-64ac2b97cc5b","ff447f26-970d-4ba2-83f5-065236e3dbde","Sun","10:00","11:20","Thermodynamics","308 Permanent Campus","Mon Aug 17 2026 19:09:01 GMT+0600 (Bangladesh Standard Time)"
"597a5d63-4f5b-4227-9032-4516360e18ed","4c9ab6ad-1550-4b28-959f-64ac2b97cc5b","ff447f26-970d-4ba2-83f5-065236e3dbde","Wed","10:00","11:20","Thermodynamics","308 Permanent Campus","Mon Aug 17 2026 19:09:01 GMT+0600 (Bangladesh Standard Time)"
"1a9339c4-43d9-41ed-bfde-45567b5a66a3","4c9ab6ad-1550-4b28-959f-64ac2b97cc5b","ff447f26-970d-4ba2-83f5-065236e3dbde","Mon","14:00","16:30","CAD Drafting Laboratory","410 Permanent Campus","Mon Aug 17 2026 19:09:01 GMT+0600 (Bangladesh Standard Time)"
"74cb6d5e-0f11-4ff0-b62f-697bc0c0aab3","a38d0fcf-3b34-4c24-9ad1-d020eedfbc09","ff447f26-970d-4ba2-83f5-065236e3dbde","Sat","10:00","11:20","Electrical Circuits II","702 Permanent Campus","Mon Aug 17 2026 19:09:01 GMT+0600 (Bangladesh Standard Time)"
"d3e29efa-8de7-4aa5-8906-9e0496fb68d9","a38d0fcf-3b34-4c24-9ad1-d020eedfbc09","ff447f26-970d-4ba2-83f5-065236e3dbde","Tue","10:00","11:20","Electrical Circuits II","702 Permanent Campus","Mon Aug 17 2026 19:09:02 GMT+0600 (Bangladesh Standard Time)"
"cc247db8-aaf1-4351-a498-3335ab548704","a38d0fcf-3b34-4c24-9ad1-d020eedfbc09","ff447f26-970d-4ba2-83f5-065236e3dbde","Sun","08:30","09:50","Electronics I","705 Permanent Campus","Mon Aug 17 2026 19:09:02 GMT+0600 (Bangladesh Standard Time)"
"45fbcdac-49d4-4911-9a88-9903858c060f","a38d0fcf-3b34-4c24-9ad1-d020eedfbc09","ff447f26-970d-4ba2-83f5-065236e3dbde","Wed","08:30","09:50","Electronics I","705 Permanent Campus","Mon Aug 17 2026 19:09:02 GMT+0600 (Bangladesh Standard Time)"
"8c1ac861-0d62-44cd-bf1c-d51d75c90e0e","a38d0fcf-3b34-4c24-9ad1-d020eedfbc09","ff447f26-970d-4ba2-83f5-065236e3dbde","Mon","09:00","11:30","Electrical Circuits II Laboratory","802 Permanent Campus","Mon Aug 17 2026 19:09:02 GMT+0600 (Bangladesh Standard Time)"
"4fc9ca64-925b-425c-bd83-507faf7188fa","a38d0fcf-3b34-4c24-9ad1-d020eedfbc09","ff447f26-970d-4ba2-83f5-065236e3dbde","Thu","11:30","14:00","Electronics I Laboratory","805 Permanent Campus","Mon Aug 17 2026 19:09:03 GMT+0600 (Bangladesh Standard Time)"
"69e0155e-0cdc-4a76-801c-dc31a6962c87","31dc5435-1957-43bc-b1bb-5f10acc66845","ff447f26-970d-4ba2-83f5-065236e3dbde","Sat","14:30","15:50","Structured Programming","302 Permanent Campus","Mon Aug 17 2026 19:09:06 GMT+0600 (Bangladesh Standard Time)"
"b0acffdb-1422-4392-aab2-38b7ef33302d","31dc5435-1957-43bc-b1bb-5f10acc66845","ff447f26-970d-4ba2-83f5-065236e3dbde","Tue","14:30","15:50","Structured Programming","302 Permanent Campus","Mon Aug 17 2026 19:09:06 GMT+0600 (Bangladesh Standard Time)"
"516e8710-dbae-4a92-8725-f27d52907651","31dc5435-1957-43bc-b1bb-5f10acc66845","ff447f26-970d-4ba2-83f5-065236e3dbde","Sun","10:00","12:30","Structured Programming Laboratory","522 Permanent Campus","Mon Aug 17 2026 19:09:06 GMT+0600 (Bangladesh Standard Time)"
"529f6ab3-e87e-4b62-aadf-8f9bbd189cef","31dc5435-1957-43bc-b1bb-5f10acc66845","ff447f26-970d-4ba2-83f5-065236e3dbde","Mon","10:00","11:20","English Reading and Writing","408 Permanent Campus","Mon Aug 17 2026 19:09:06 GMT+0600 (Bangladesh Standard Time)"
"acc4987d-fb06-4ec0-a15d-cf479ad3d65a","31dc5435-1957-43bc-b1bb-5f10acc66845","ff447f26-970d-4ba2-83f5-065236e3dbde","Wed","10:00","11:20","English Reading and Writing","408 Permanent Campus","Mon Aug 17 2026 19:09:07 GMT+0600 (Bangladesh Standard Time)"
"75484039-d6ba-4f7a-8446-38009876f9b6","36496b1e-15fa-4307-ab9a-b1b0ba737250","ff447f26-970d-4ba2-83f5-065236e3dbde","Sat","10:00","11:20","Theory of Computation","510 Permanent Campus","Mon Aug 17 2026 19:09:07 GMT+0600 (Bangladesh Standard Time)"
"0b16e016-c4d6-41be-a10c-0a758d1e0872","36496b1e-15fa-4307-ab9a-b1b0ba737250","ff447f26-970d-4ba2-83f5-065236e3dbde","Tue","10:00","11:20","Theory of Computation","510 Permanent Campus","Mon Aug 17 2026 19:09:07 GMT+0600 (Bangladesh Standard Time)"
"c2e13890-5ee9-4d48-be4d-cb101584071a","36496b1e-15fa-4307-ab9a-b1b0ba737250","ff447f26-970d-4ba2-83f5-065236e3dbde","Sun","11:30","12:50","Software Design Patterns","512 Permanent Campus","Mon Aug 17 2026 19:09:08 GMT+0600 (Bangladesh Standard Time)"
"8b9a4074-b9bc-4343-a565-573df9431a1b","36496b1e-15fa-4307-ab9a-b1b0ba737250","ff447f26-970d-4ba2-83f5-065236e3dbde","Wed","11:30","12:50","Software Design Patterns","512 Permanent Campus","Mon Aug 17 2026 19:09:08 GMT+0600 (Bangladesh Standard Time)"
"06994df5-18c6-43c2-8b62-b793ab4c0038","36496b1e-15fa-4307-ab9a-b1b0ba737250","ff447f26-970d-4ba2-83f5-065236e3dbde","Thu","09:00","11:30","Design Patterns Laboratory","922 Permanent Campus","Mon Aug 17 2026 19:09:08 GMT+0600 (Bangladesh Standard Time)"
"edb41ea4-419e-4ca5-93ba-aa420bb5eb37","533f90de-c719-431f-b773-b62d2e376eb7","ff447f26-970d-4ba2-83f5-065236e3dbde","Sat","11:11","13:40","Advanced Object Oriented Programming Laboratory","427 Permanent Campus","Mon Aug 17 2026 19:09:08 GMT+0600 (Bangladesh Standard Time)"
"5941f510-4f79-45f3-a678-2acbaf80b294","533f90de-c719-431f-b773-b62d2e376eb7","ff447f26-970d-4ba2-83f5-065236e3dbde","Tue","11:11","13:40","Software Engineering Laboratory","523 Permanent Campus","Mon Aug 17 2026 19:09:09 GMT+0600 (Bangladesh Standard Time)"
"4dfa3fc2-d08e-495a-a75f-038c3dcf3012","533f90de-c719-431f-b773-b62d2e376eb7","ff447f26-970d-4ba2-83f5-065236e3dbde","Mon","11:11","13:40","Operating Systems Laboratory","926 Permanent Campus","Mon Aug 17 2026 19:09:09 GMT+0600 (Bangladesh Standard Time)"
"9045b336-3d1e-43f4-8738-af679a6702b1","533f90de-c719-431f-b773-b62d2e376eb7","ff447f26-970d-4ba2-83f5-065236e3dbde","Sun","11:11","12:30","Data Mining","425 Permanent Campus","Mon Aug 17 2026 19:09:09 GMT+0600 (Bangladesh Standard Time)"
"224ed272-f60e-40d3-9991-3b77b984dab1","533f90de-c719-431f-b773-b62d2e376eb7","ff447f26-970d-4ba2-83f5-065236e3dbde","Wed","11:11","12:30","Data Mining","425 Permanent Campus","Mon Aug 17 2026 19:09:10 GMT+0600 (Bangladesh Standard Time)"
"f6e3b327-6d91-4aa4-bc7e-6cf5b8d065eb","533f90de-c719-431f-b773-b62d2e376eb7","ff447f26-970d-4ba2-83f5-065236e3dbde","Sun","08:30","09:50","Industrial and Operational Management","604 Permanent Campus","Mon Aug 17 2026 19:09:10 GMT+0600 (Bangladesh Standard Time)"
"e02d3f7d-b7a4-4cd2-9f12-a51980dd0751","533f90de-c719-431f-b773-b62d2e376eb7","ff447f26-970d-4ba2-83f5-065236e3dbde","Wed","08:30","09:50","Industrial and Operational Management","604 Permanent Campus","Mon Aug 17 2026 19:09:10 GMT+0600 (Bangladesh Standard Time)"
"e61b2ee1-1724-4147-9d28-30c95a3605f6","533f90de-c719-431f-b773-b62d2e376eb7","ff447f26-970d-4ba2-83f5-065236e3dbde","Sun","15:11","16:30","Project Management","802 Permanent Campus","Mon Aug 17 2026 19:09:10 GMT+0600 (Bangladesh Standard Time)"
"a2a5d55d-d836-4407-a117-8a8f7813220e","533f90de-c719-431f-b773-b62d2e376eb7","ff447f26-970d-4ba2-83f5-065236e3dbde","Wed","15:11","16:30","Project Management","802 Permanent Campus","Mon Aug 17 2026 19:09:11 GMT+0600 (Bangladesh Standard Time)"
"423fd55c-aaab-4902-9a27-b9a25c540fd0","d4d5578f-e036-4294-afb5-378c3b338286","ff447f26-970d-4ba2-83f5-065236e3dbde","Sat","10:00","11:20","Cyber Security","608 Permanent Campus","Mon Aug 17 2026 19:09:11 GMT+0600 (Bangladesh Standard Time)"
"53e394d7-42b2-456d-af6d-ef90790f2f8d","d4d5578f-e036-4294-afb5-378c3b338286","ff447f26-970d-4ba2-83f5-065236e3dbde","Tue","10:00","11:20","Cyber Security","608 Permanent Campus","Mon Aug 17 2026 19:09:11 GMT+0600 (Bangladesh Standard Time)"
"25d8c633-5694-4669-8ec1-6f0a2110a84d","d4d5578f-e036-4294-afb5-378c3b338286","ff447f26-970d-4ba2-83f5-065236e3dbde","Sun","14:00","16:30","Cyber Security Laboratory","930 Permanent Campus","Mon Aug 17 2026 19:09:11 GMT+0600 (Bangladesh Standard Time)"
"2559509b-3ce6-4ba3-8843-e162d2618b43","862b3c08-2ebf-4060-a844-79ac378bdf19","ff447f26-970d-4ba2-83f5-065236e3dbde","Sat","09:00","10:20","Senior Design Project I","602 Permanent Campus","Mon Aug 17 2026 19:09:12 GMT+0600 (Bangladesh Standard Time)"
"d5eaaf4d-5d64-4bdf-9214-27631a50cb51","862b3c08-2ebf-4060-a844-79ac378bdf19","ff447f26-970d-4ba2-83f5-065236e3dbde","Mon","14:00","15:20","Senior Design Project I","602 Permanent Campus","Mon Aug 17 2026 19:09:12 GMT+0600 (Bangladesh Standard Time)"
"bd03bc36-3bd6-4cab-bc93-16c7e14c10ab","862b3c08-2ebf-4060-a844-79ac378bdf19","ff447f26-970d-4ba2-83f5-065236e3dbde","Tue","10:00","11:20","Cloud Computing","516 Permanent Campus","Mon Aug 17 2026 19:09:12 GMT+0600 (Bangladesh Standard Time)"
"e3382a3d-3f51-45ba-a85b-5d0c7463f8e9","862b3c08-2ebf-4060-a844-79ac378bdf19","ff447f26-970d-4ba2-83f5-065236e3dbde","Wed","10:00","11:20","Cloud Computing","516 Permanent Campus","Mon Aug 17 2026 19:09:13 GMT+0600 (Bangladesh Standard Time)"
"f7bdb74a-e4dd-45f9-920b-0a3f8e3dfd2c","c27452b4-4a1d-49ed-9a3a-f222b1b4ed27","ff447f26-970d-4ba2-83f5-065236e3dbde","Sat","08:30","09:50","Signals and Systems","706 Permanent Campus","Mon Aug 17 2026 19:09:13 GMT+0600 (Bangladesh Standard Time)"
"9b242fd1-e80a-4305-92d1-23df5f839c90","c27452b4-4a1d-49ed-9a3a-f222b1b4ed27","ff447f26-970d-4ba2-83f5-065236e3dbde","Tue","08:30","09:50","Signals and Systems","706 Permanent Campus","Mon Aug 17 2026 19:09:13 GMT+0600 (Bangladesh Standard Time)"
"07878eb6-cbe5-426b-9ccd-29023f6b6ddf","c27452b4-4a1d-49ed-9a3a-f222b1b4ed27","ff447f26-970d-4ba2-83f5-065236e3dbde","Sun","13:00","15:30","Signals and Systems Laboratory","810 Permanent Campus","Mon Aug 17 2026 19:09:14 GMT+0600 (Bangladesh Standard Time)"
"33117cd9-3fa0-4f0b-96e3-b2274def6f79","c27452b4-4a1d-49ed-9a3a-f222b1b4ed27","ff447f26-970d-4ba2-83f5-065236e3dbde","Mon","11:30","12:50","Complex Variables & Fourier Analysis","414 Permanent Campus","Mon Aug 17 2026 19:09:14 GMT+0600 (Bangladesh Standard Time)"
"9d22abbb-00c4-416c-af7e-d0074619a9d6","c27452b4-4a1d-49ed-9a3a-f222b1b4ed27","ff447f26-970d-4ba2-83f5-065236e3dbde","Wed","11:30","12:50","Complex Variables & Fourier Analysis","414 Permanent Campus","Mon Aug 17 2026 19:09:14 GMT+0600 (Bangladesh Standard Time)"
"5067141d-2671-4274-b32a-8fac4c511a1e","1dca2e74-ccf2-4168-a9e6-31bfcf874abd","ff447f26-970d-4ba2-83f5-065236e3dbde","Sat","13:00","14:20","Human Computer Interaction","508 Permanent Campus","Mon Aug 17 2026 19:09:14 GMT+0600 (Bangladesh Standard Time)"
"e378d70b-36cc-46d1-9acb-2bba0ee7eede","1dca2e74-ccf2-4168-a9e6-31bfcf874abd","ff447f26-970d-4ba2-83f5-065236e3dbde","Tue","13:00","14:20","Human Computer Interaction","508 Permanent Campus","Mon Aug 17 2026 19:09:15 GMT+0600 (Bangladesh Standard Time)"
"f3edb7c2-a2c4-41e7-8b98-7893dfde5091","1dca2e74-ccf2-4168-a9e6-31bfcf874abd","ff447f26-970d-4ba2-83f5-065236e3dbde","Mon","10:00","12:30","UI/UX Design Studio","918 Permanent Campus","Mon Aug 17 2026 19:09:15 GMT+0600 (Bangladesh Standard Time)"